price,beds,url
250000,2,https://www.rightmove.co.uk/properties/158576411#/?channel=RES_BUY
350000,2,https://www.rightmove.co.uk/properties/138814661#/?channel=RES_BUY
380000,3,https://www.rightmove.co.uk/properties/162019094#/?channel=RES_BUY
390000,2,https://www.rightmove.co.uk/properties/161928710#/?channel=RES_BUY
418000,1,https://www.rightmove.co.uk/properties/151994624#/?channel=RES_BUY
440000,3,https://www.rightmove.co.uk/properties/161912930#/?channel=RES_BUY
450000,2,https://www.rightmove.co.uk/properties/86998884#/?channel=RES_BUY
475000,2,https://www.rightmove.co.uk/properties/161486843#/?channel=RES_BUY
485000,2,https://www.rightmove.co.uk/properties/157750997#/?channel=RES_BUY
500000,2,https://www.rightmove.co.uk/properties/149504774#/?channel=RES_BUY
500000,3,https://www.rightmove.co.uk/properties/161951078#/?channel=RES_BUY
500000,3,https://www.rightmove.co.uk/properties/161618288#/?channel=RES_BUY
500000,2,https://www.rightmove.co.uk/properties/157589441#/?channel=RES_BUY
500000,3,https://www.rightmove.co.uk/properties/159298448#/?channel=RES_BUY
500000,3,https://www.rightmove.co.uk/properties/87085590#/?channel=RES_BUY
500000,3,https://www.rightmove.co.uk/properties/161778545#/?channel=RES_BUY
509995,3,https://www.rightmove.co.uk/properties/157310339#/?channel=RES_BUY
515000,2,https://www.rightmove.co.uk/properties/156839078#/?channel=RES_BUY
525000,2,https://www.rightmove.co.uk/properties/161399969#/?channel=RES_BUY
525000,2,https://www.rightmove.co.uk/properties/161786192#/?channel=RES_BUY
525000,2,https://www.rightmove.co.uk/properties/158390117#/?channel=RES_BUY
525000,3,https://www.rightmove.co.uk/properties/160181708#/?channel=RES_BUY
525000,3,https://www.rightmove.co.uk/properties/160721525#/?channel=RES_BUY
525000,2,https://www.rightmove.co.uk/properties/157349426#/?channel=RES_BUY
525000,3,https://www.rightmove.co.uk/properties/159950183#/?channel=RES_BUY
535000,3,https://www.rightmove.co.uk/properties/160015295#/?channel=RES_BUY
550000,3,https://www.rightmove.co.uk/properties/157753349#/?channel=RES_BUY
550000,2,https://www.rightmove.co.uk/properties/155473961#/?channel=RES_BUY
550000,3,https://www.rightmove.co.uk/properties/161751842#/?channel=RES_BUY
575000,3,https://www.rightmove.co.uk/properties/162018971#/?channel=RES_BUY
575000,3,https://www.rightmove.co.uk/properties/156972473#/?channel=RES_BUY
575000,2,https://www.rightmove.co.uk/properties/158795906#/?channel=RES_BUY
585000,3,https://www.rightmove.co.uk/properties/159442175#/?channel=RES_BUY
595000,3,https://www.rightmove.co.uk/properties/155293577#/?channel=RES_BUY
600000,3,https://www.rightmove.co.uk/properties/160247888#/?channel=RES_BUY
600000,4,https://www.rightmove.co.uk/properties/156019775#/?channel=RES_BUY
600000,2,https://www.rightmove.co.uk/properties/161015966#/?channel=RES_BUY
600000,3,https://www.rightmove.co.uk/properties/146066129#/?channel=RES_BUY
600000,3,https://www.rightmove.co.uk/properties/161587886#/?channel=RES_BUY
600000,3,https://www.rightmove.co.uk/properties/151752710#/?channel=RES_BUY
600000,2,https://www.rightmove.co.uk/properties/161656784#/?channel=RES_BUY
625000,3,https://www.rightmove.co.uk/properties/160207409#/?channel=RES_BUY
625000,2,https://www.rightmove.co.uk/properties/160370447#/?channel=RES_BUY
625000,2,https://www.rightmove.co.uk/properties/161432444#/?channel=RES_BUY
625000,4,https://www.rightmove.co.uk/properties/158178815#/?channel=RES_BUY
625000,5,https://www.rightmove.co.uk/properties/157900673#/?channel=RES_BUY
625000,3,https://www.rightmove.co.uk/properties/156207587#/?channel=RES_BUY
625000,3,https://www.rightmove.co.uk/properties/149896361#/?channel=RES_BUY
625000,3,https://www.rightmove.co.uk/properties/149937485#/?channel=RES_BUY
630000,4,https://www.rightmove.co.uk/properties/160215917#/?channel=RES_BUY
635000,3,https://www.rightmove.co.uk/properties/154325180#/?channel=RES_BUY
640000,3,https://www.rightmove.co.uk/properties/153877868#/?channel=RES_BUY
650000,4,https://www.rightmove.co.uk/properties/159935726#/?channel=RES_BUY
650000,3,https://www.rightmove.co.uk/properties/159007370#/?channel=RES_BUY
650000,3,https://www.rightmove.co.uk/properties/160603175#/?channel=RES_BUY
650000,3,https://www.rightmove.co.uk/properties/161883971#/?channel=RES_BUY
650000,5,https://www.rightmove.co.uk/properties/160874813#/?channel=RES_BUY
650000,3,https://www.rightmove.co.uk/properties/158780300#/?channel=RES_BUY
650000,2,https://www.rightmove.co.uk/properties/161725178#/?channel=RES_BUY
650000,3,https://www.rightmove.co.uk/properties/161672936#/?channel=RES_BUY
650000,3,https://www.rightmove.co.uk/properties/159403073#/?channel=RES_BUY
650000,3,https://www.rightmove.co.uk/properties/161969012#/?channel=RES_BUY
650000,3,https://www.rightmove.co.uk/properties/157615289#/?channel=RES_BUY
650000,3,https://www.rightmove.co.uk/properties/158105255#/?channel=RES_BUY
650000,2,https://www.rightmove.co.uk/properties/153601097#/?channel=RES_BUY
670000,3,https://www.rightmove.co.uk/properties/159795542#/?channel=RES_BUY
675000,3,https://www.rightmove.co.uk/properties/154979285#/?channel=RES_BUY
675000,2,https://www.rightmove.co.uk/properties/161208137#/?channel=RES_BUY
675000,3,https://www.rightmove.co.uk/properties/161135825#/?channel=RES_BUY
675000,2,https://www.rightmove.co.uk/properties/161655569#/?channel=RES_BUY
675000,2,https://www.rightmove.co.uk/properties/161236064#/?channel=RES_BUY
675000,2,https://www.rightmove.co.uk/properties/159460001#/?channel=RES_BUY
675000,4,https://www.rightmove.co.uk/properties/155385308#/?channel=RES_BUY
675000,4,https://www.rightmove.co.uk/properties/159136373#/?channel=RES_BUY
675000,2,https://www.rightmove.co.uk/properties/159502199#/?channel=RES_BUY
695000,3,https://www.rightmove.co.uk/properties/160848827#/?channel=RES_BUY
695000,4,https://www.rightmove.co.uk/properties/160848830#/?channel=RES_BUY
700000,6,https://www.rightmove.co.uk/properties/157455092#/?channel=RES_BUY
700000,3,https://www.rightmove.co.uk/properties/141173531#/?channel=RES_BUY
700000,3,https://www.rightmove.co.uk/properties/158261003#/?channel=RES_BUY
700000,3,https://www.rightmove.co.uk/properties/159638219#/?channel=RES_BUY
700000,4,https://www.rightmove.co.uk/properties/160817081#/?channel=RES_BUY
700000,2,https://www.rightmove.co.uk/properties/160397177#/?channel=RES_BUY
700000,3,https://www.rightmove.co.uk/properties/150848267#/?channel=RES_BUY
700000,5,https://www.rightmove.co.uk/properties/160104629#/?channel=RES_BUY
700000,3,https://www.rightmove.co.uk/properties/155814044#/?channel=RES_BUY
700000,3,https://www.rightmove.co.uk/properties/161496062#/?channel=RES_BUY
725000,3,https://www.rightmove.co.uk/properties/161294498#/?channel=RES_BUY
725000,3,https://www.rightmove.co.uk/properties/160355138#/?channel=RES_BUY
725000,3,https://www.rightmove.co.uk/properties/159085571#/?channel=RES_BUY
730000,2,https://www.rightmove.co.uk/properties/151245665#/?channel=RES_BUY
750000,5,https://www.rightmove.co.uk/properties/160900109#/?channel=RES_BUY
750000,2,https://www.rightmove.co.uk/properties/156146837#/?channel=RES_BUY
750000,3,https://www.rightmove.co.uk/properties/151073168#/?channel=RES_BUY
750000,3,https://www.rightmove.co.uk/properties/156475790#/?channel=RES_BUY
750000,4,https://www.rightmove.co.uk/properties/158510489#/?channel=RES_BUY
750000,4,https://www.rightmove.co.uk/properties/160832903#/?channel=COM_BUY
750000,4,https://www.rightmove.co.uk/properties/158478419#/?channel=RES_BUY
750000,4,https://www.rightmove.co.uk/properties/160612262#/?channel=RES_BUY
750000,3,https://www.rightmove.co.uk/properties/161744633#/?channel=RES_BUY
767500,3,https://www.rightmove.co.uk/properties/158830748#/?channel=RES_BUY
770000,3,https://www.rightmove.co.uk/properties/157530257#/?channel=RES_BUY
775000,3,https://www.rightmove.co.uk/properties/160874765#/?channel=RES_BUY
775000,2,https://www.rightmove.co.uk/properties/161270369#/?channel=RES_BUY
800000,3,https://www.rightmove.co.uk/properties/158295638#/?channel=RES_BUY
800000,5,https://www.rightmove.co.uk/properties/161270546#/?channel=RES_BUY
800000,3,https://www.rightmove.co.uk/properties/156274031#/?channel=RES_BUY
800000,3,https://www.rightmove.co.uk/properties/161536445#/?channel=RES_BUY
800000,3,https://www.rightmove.co.uk/properties/162041237#/?channel=RES_BUY
815000,4,https://www.rightmove.co.uk/properties/159731897#/?channel=RES_BUY
825000,4,https://www.rightmove.co.uk/properties/159866678#/?channel=RES_BUY
825000,4,https://www.rightmove.co.uk/properties/156140855#/?channel=RES_BUY
850000,4,https://www.rightmove.co.uk/properties/160557074#/?channel=RES_BUY
850000,4,https://www.rightmove.co.uk/properties/161764133#/?channel=RES_BUY
850000,3,https://www.rightmove.co.uk/properties/161112272#/?channel=RES_BUY
850000,3,https://www.rightmove.co.uk/properties/155582672#/?channel=RES_BUY
850000,4,https://www.rightmove.co.uk/properties/161776799#/?channel=RES_BUY
875000,6,https://www.rightmove.co.uk/properties/147051926#/?channel=RES_BUY
875000,4,https://www.rightmove.co.uk/properties/158961449#/?channel=RES_BUY
875000,3,https://www.rightmove.co.uk/properties/161231435#/?channel=RES_BUY
875000,5,https://www.rightmove.co.uk/properties/155074952#/?channel=RES_BUY
895000,4,https://www.rightmove.co.uk/properties/161699918#/?channel=RES_BUY
895000,3,https://www.rightmove.co.uk/properties/160803536#/?channel=RES_BUY
895000,3,https://www.rightmove.co.uk/properties/157322303#/?channel=RES_BUY
900000,5,https://www.rightmove.co.uk/properties/160619441#/?channel=RES_BUY
900000,3,https://www.rightmove.co.uk/properties/149299619#/?channel=RES_BUY
900000,3,https://www.rightmove.co.uk/properties/158776601#/?channel=RES_BUY
900000,4,https://www.rightmove.co.uk/properties/161825660#/?channel=RES_BUY
900000,4,https://www.rightmove.co.uk/properties/161873993#/?channel=RES_BUY
900000,4,https://www.rightmove.co.uk/properties/161582051#/?channel=RES_BUY
925000,5,https://www.rightmove.co.uk/properties/161054288#/?channel=RES_BUY
950000,3,https://www.rightmove.co.uk/properties/162022163#/?channel=RES_BUY
975000,4,https://www.rightmove.co.uk/properties/161624114#/?channel=RES_BUY
975000,4,https://www.rightmove.co.uk/properties/153538931#/?channel=RES_BUY
995000,4,https://www.rightmove.co.uk/properties/161623433#/?channel=RES_BUY
1000000,4,https://www.rightmove.co.uk/properties/162022310#/?channel=RES_BUY
1000000,5,https://www.rightmove.co.uk/properties/159143111#/?channel=RES_BUY
1000000,4,https://www.rightmove.co.uk/properties/155867642#/?channel=RES_BUY
1050000,4,https://www.rightmove.co.uk/properties/161863757#/?channel=RES_BUY
1100000,3,https://www.rightmove.co.uk/properties/160549646#/?channel=RES_BUY
1100000,4,https://www.rightmove.co.uk/properties/161508545#/?channel=RES_BUY
1100000,4,https://www.rightmove.co.uk/properties/161808932#/?channel=RES_BUY
1100000,4,https://www.rightmove.co.uk/properties/161854541#/?channel=RES_BUY
1125000,3,https://www.rightmove.co.uk/properties/154881035#/?channel=RES_BUY
1200000,4,https://www.rightmove.co.uk/properties/161380103#/?channel=RES_BUY
1200000,4,https://www.rightmove.co.uk/properties/161922998#/?channel=RES_BUY
1200000,4,https://www.rightmove.co.uk/properties/161149700#/?channel=RES_BUY
1200000,4,https://www.rightmove.co.uk/properties/161130953#/?channel=RES_BUY
1250000,4,https://www.rightmove.co.uk/properties/162002588#/?channel=RES_BUY
1350000,6,https://www.rightmove.co.uk/properties/157277555#/?channel=RES_BUY
3800000,12,https://www.rightmove.co.uk/properties/160664027#/?channel=RES_BUY
